Id,Name,Role,Department
E001,John Doe,Software Engineer,IT
E002,Jane Smith,Project Manager,Operations
E003,Michael Brown,Data Scientist,Analytics
E004,Emily Davis,UX Designer,IT
E005,Daniel Wilson,DevOps Engineer,IT
E006,Sophia Johnson,Data Analyst,Analytics
E007,James Smith,Product Owner,Operations
E008,Olivia Brown,Marketing Specialist,Marketing
E009,William Jones,Sales Executive,Sales
E010,Isabella Garcia,HR Manager,HR
E011,Lucas Martinez,Software Engineer,IT
E012,Mia Rodriguez,Project Coordinator,Operations
E013,Noah Lee,Data Scientist,Analytics
E014,Emma Walker,Graphic Designer,Marketing
E015,Oliver Hall,Accountant,Finance
E016,Ava Young,Recruiter,HR
E017,Elijah Hernandez,Web Developer,IT
E018,Charlotte King,Content Strategist,Marketing
E019,Amelia Wright,Operations Manager,Operations
E020,Harper Lopez,Customer Service Rep,Support
E021,Evelyn Hill,Data Engineer,Analytics
E022,Abigail Scott,SEO Specialist,Marketing
E023,Emily Green,Social Media Manager,Marketing
E024,Michael Adams,Network Administrator,IT
E025,Chloe Baker,Product Manager,Operations
E026,Matthew Gonzalez,Software Tester,IT
E027,Grace Nelson,HR Assistant,HR
E028,Jackson Carter,IT Support,IT
E029,Scarlett Mitchell,Data Analyst,Analytics
E030,Victoria Perez,Marketing Manager,Marketing
E031,Benjamin Roberts,Sales Manager,Sales
E032,Zoey Turner,Office Manager,Operations
E033,Daniel Phillips,Software Architect,IT
E034,Leah Campbell,Project Manager,Operations
E035,David Parker,Data Scientist,Analytics
E036,Lily Evans,UX/UI Designer,IT
E037,Jameson Edwards,DevOps Specialist,IT
E038,Aria Collins,Data Analyst,Analytics
E039,Elena Stewart,Content Writer,Marketing
E040,Henry Sanchez,Account Executive,Sales
E041,Addison Morris,HR Director,HR
E042,Jackson Rogers,IT Consultant,IT
E043,Grace Reed,Digital Marketing Specialist,Marketing
E044,Samuel Cook,Sales Associate,Sales
E045,Victoria Morgan,Customer Success Manager,Support
E046,Alexander Bell,Data Engineer,Analytics
E047,Penelope Murphy,Software Developer,IT
E048,Scarlett Rivera,Project Assistant,Operations
E049,David Cooper,Data Scientist,Analytics
E050,Lucy Richardson,HR Coordinator,HR
E051,Daniel Cox,Network Engineer,IT
E052,Stella Howard,Marketing Coordinator,Marketing
E053,Matthew Ward,Sales Director,Sales
E054,Emily Torres,Office Assistant,Operations
E055,James Peterson,Software Development Manager,IT
E056,Chloe Gray,Product Designer,IT
E057,Michael Ramirez,Data Analyst,Analytics
E058,Isabella James,HR Generalist,HR
E059,Elijah Watson,IT Security Specialist,IT
E060,Amelia Brooks,Content Marketing Manager,Marketing
E061,Lucas Bennett,Sales Engineer,Sales
E062,Grace Hughes,Customer Support Specialist,Support
E063,Henry Price,Data Scientist,Analytics
E064,Victoria Wood,Software Quality Assurance,IT
E065,Jackson Butler,Project Manager,Operations
E066,Scarlett Sanders,Digital Content Creator,Marketing
E067,David Rivera,Data Engineer,Analytics
E068,Penelope Cooper,Software Tester,IT
E069,Daniel Reed,HR Assistant,HR
E070,Stella Kelly,Marketing Analyst,Marketing
E071,Matthew Young,Sales Operations Analyst,Sales
E072,Emily King,Customer Experience Specialist,Support
E073,James Lee,Data Scientist,Analytics
E074,Chloe Hall,Web Designer,IT
E075,Michael Allen,Project Coordinator,Operations
E076,Isabella Wright,HR Manager,HR
E077,Elijah Scott,IT Support Specialist,IT
E078,Amelia Green,Social Media Specialist,Marketing
E079,Lucas Adams,Sales Associate,Sales
E080,Grace Nelson,Customer Service Manager,Support
E081,Henry Carter,Data Analyst,Analytics
E082,Victoria Mitchell,Software Engineer,IT
E083,Jackson Perez,Product Owner,Operations
E084,Scarlett Roberts,Marketing Manager,Marketing
E085,David Turner,Sales Executive,Sales
E086,Penelope Phillips,HR Coordinator,HR
E087,Stella Campbell,Data Scientist,Analytics
E088,Matthew Parker,Network Administrator,IT
E089,Emily Evans,Project Manager,Operations
E090,James Edwards,Data Engineer,Analytics
E091,Chloe Collins,UX/UI Designer,IT
E092,Michael Stewart,DevOps Engineer,IT
E093,Isabella Sanchez,Data Analyst,Analytics
E094,Elijah Morris,Content Strategist,Marketing
E095,Amelia Rogers,Account Executive,Sales
E096,Lucas Reed,Customer Success Specialist,Support
E097,Grace Cook,Data Scientist,Analytics
E098,Henry Morgan,Software Developer,IT
E099,Victoria Bell,Project Assistant,Operations
E100,Jackson Murphy,Data Analyst,Analytics
E101,Scarlett Rivera,HR Assistant,HR
E102,David Cooper,IT Consultant,IT
E103,Emily Richardson,Digital Marketing Specialist,Marketing
E104,James Cox,Sales Manager,Sales
E105,Chloe Howard,Customer Support Representative,Support
E106,Michael Lee,Data Scientist,Analytics
E107,Isabella Walker,Software Quality Assurance,IT
E108,Elijah Hall,Project Manager,Operations
E109,Amelia Young,Marketing Coordinator,Marketing
E110,Lucas King,Sales Engineer,Sales
E111,Grace Wright,Customer Experience Manager,Support
E112,Henry Scott,Data Analyst,Analytics
E113,Victoria Adams,Software Engineer,IT
E114,Jackson Nelson,Product Owner,Operations
E115,Scarlett Carter,Marketing Manager,Marketing
E116,David Mitchell,Sales Executive,Sales
E117,Penelope Perez,HR Coordinator,HR
E118,Stella Roberts,Data Scientist,Analytics
E119,Matthew Turner,Network Engineer,IT
E120,Emily Phillips,Project Coordinator,Operations
E121,James Campbell,Data Engineer,Analytics
E122,Chloe Evans,UX/UI Designer,IT
E123,Michael Edwards,DevOps Specialist,IT
E124,Isabella Collins,Data Analyst,Analytics
E125,Elijah Stewart,Content Writer,Marketing
E126,Amelia Sanchez,Account Executive,Sales
E127,Lucas Rivera,Customer Success Manager,Support
E128,Grace Cooper,Data Scientist,Analytics
E129,Henry Morgan,Software Developer,IT
E130,Victoria Bell,Project Assistant,Operations
E131,Jackson Murphy,Data Analyst,Analytics
E132,Scarlett Rivera,HR Assistant,HR
E133,David Cooper,IT Consultant,IT
E134,Emily Richardson,Digital Marketing Specialist,Marketing
E135,James Cox,Sales Manager,Sales
E136,Chloe Howard,Customer Support Representative,Support
E137,Michael Lee,Data Scientist,Analytics
E138,Isabella Walker,Software Quality Assurance,IT
E139,Elijah Hall,Project Manager,Operations
E140,Amelia Young,Marketing Coordinator,Marketing
E141,Lucas King,Sales Engineer,Sales
E142,Grace Wright,Customer Experience Manager,Support
E143,Henry Scott,Data Analyst,Analytics
E144,Victoria Adams,Software Engineer,IT
E145,Jackson Nelson,Product Owner,Operations
E146,Scarlett Carter,Marketing Manager,Marketing
E147,David Mitchell,Sales Executive,Sales
E148,Penelope Perez,HR Coordinator,HR
E149,Stella Roberts,Data Scientist,Analytics
E150,Matthew Turner,Network Engineer,IT
E151,Emily Phillips,Project Coordinator,Operations
E152,James Campbell,Data Engineer,Analytics
E153,Chloe Evans,UX/UI Designer,IT
E154,Michael Edwards,DevOps Specialist,IT
E155,Isabella Collins,Data Analyst,Analytics
E156,Elijah Stewart,Content Writer,Marketing
E157,Amelia Sanchez,Account Executive,Sales
E158,Lucas Rivera,Customer Success Manager,Support
E159,Grace Cooper,Data Scientist,Analytics
E160,Henry Morgan,Software Developer,IT
E161,Victoria Bell,Project Assistant,Operations
E162,Jackson Murphy,Data Analyst,Analytics
E163,Scarlett Rivera,HR Assistant,HR
E164,David Cooper,IT Consultant,IT
E165,Emily Richardson,Digital Marketing Specialist,Marketing
E166,James Cox,Sales Manager,Sales
E167,Chloe Howard,Customer Support Representative,Support
E168,Michael Lee,Data Scientist,Analytics
E169,Isabella Walker,Software Quality Assurance,IT
E170,Elijah Hall,Project Manager,Operations
E171,Amelia Young,Marketing Coordinator,Marketing
E172,Lucas King,Sales Engineer,Sales
E173,Grace Wright,Customer Experience Manager,Support
E174,Henry Scott,Data Analyst,Analytics
E175,Victoria Adams,Software Engineer,IT
E176,Jackson Nelson,Product Owner,Operations
E177,Scarlett Carter,Marketing Manager,Marketing
E178,David Mitchell,Sales Executive,Sales
E179,Penelope Perez,HR Coordinator,HR
E180,Stella Roberts,Data Scientist,Analytics
E181,Matthew Turner,Network Engineer,IT
E182,Emily Phillips,Project Coordinator,Operations
E183,James Campbell,Data Engineer,Analytics
E184,Chloe Evans,UX/UI Designer,IT
E185,Michael Edwards,DevOps Specialist,IT
E186,Isabella Collins,Data Analyst,Analytics
E187,Elijah Stewart,Content Writer,Marketing
E188,Amelia Sanchez,Account Executive,Sales
E189,Lucas Rivera,Customer Success Manager,Support
E190,Grace Cooper,Data Scientist,Analytics
E191,Henry Morgan,Software Developer,IT
E192,Victoria Bell,Project Assistant,Operations
E193,Jackson Murphy,Data Analyst,Analytics
E194,Scarlett Rivera,HR Assistant,HR
E195,David Cooper,IT Consultant,IT
E196,Emily Richardson,Digital Marketing Specialist,Marketing
E197,James Cox,Sales Manager,Sales
E198,Chloe Howard,Customer Support Representative,Support
E199,Michael Lee,Data Scientist,Analytics
E200,Isabella Walker,Software Quality Assurance,IT
E201,Elijah Hall,Project Manager,Operations
E202,Amelia Young,Marketing Coordinator,Marketing
E203,Lucas King,Sales Engineer,Sales
E204,Grace Wright,Customer Experience Manager,Support
E205,Henry Scott,Data Analyst,Analytics
E206,Victoria Adams,Software Engineer,IT
E207,Jackson Nelson,Product Owner,Operations
E208,Scarlett Carter,Marketing Manager,Marketing
E209,David Mitchell,Sales Executive,Sales
E210,Penelope Perez,HR Coordinator,HR
E211,Stella Roberts,Data Scientist,Analytics
E212,Matthew Turner,Network Engineer,IT
E213,Emily Phillips,Project Coordinator,Operations
E214,James Campbell,Data Engineer,Analytics
E215,Chloe Evans,UX/UI Designer,IT
E216,Michael Edwards,DevOps Specialist,IT
E217,Isabella Collins,Data Analyst,Analytics
E218,Elijah Stewart,Content Writer,Marketing
E219,Amelia Sanchez,Account Executive,Sales
E220,Lucas Rivera,Customer Success Manager,Support
E221,Grace Cooper,Data Scientist,Analytics
E222,Henry Morgan,Software Developer,IT
E223,Victoria Bell,Project Assistant,Operations
E224,Jackson Murphy,Data Analyst,Analytics
E225,Scarlett Rivera,HR Assistant,HR
E226,David Cooper,IT Consultant,IT
E227,Emily Richardson,Digital Marketing Specialist,Marketing
E228,James Cox,Sales Manager,Sales
E229,Chloe Howard,Customer Support Representative,Support
E230,Michael Lee,Data Scientist,Analytics
E231,Isabella Walker,Software Quality Assurance,IT
E232,Elijah Hall,Project Manager,Operations
E233,Amelia Young,Marketing Coordinator,Marketing
E234,Lucas King,Sales Engineer,Sales
E235,Grace Wright,Customer Experience Manager,Support
E236,Henry Scott,Data Analyst,Analytics
E237,Victoria Adams,Software Engineer,IT
E238,Jackson Nelson,Product Owner,Operations
E239,Scarlett Carter,Marketing Manager,Marketing
E240,David Mitchell,Sales Executive,Sales
E241,Penelope Perez,HR Coordinator,HR
E242,Stella Roberts,Data Scientist,Analytics
E243,Matthew Turner,Network Engineer,IT
E244,Emily Phillips,Project Coordinator,Operations
E245,James Campbell,Data Engineer,Analytics
E246,Chloe Evans,UX/UI Designer,IT
E247,Michael Edwards,DevOps Specialist,IT
E248,Isabella Collins,Data Analyst,Analytics
E249,Elijah Stewart,Content Writer,Marketing
E250,Amelia Sanchez,Account Executive,Sales
E251,Lucas Rivera,Customer Success Manager,Support
E252,Grace Cooper,Data Scientist,Analytics
E253,Henry Morgan,Software Developer,IT
E254,Victoria Bell,Project Assistant,Operations
E255,Jackson Murphy,Data Analyst,Analytics
E256,Scarlett Rivera,HR Assistant,HR
E257,David Cooper,IT Consultant,IT
E258,Emily Richardson,Digital Marketing Specialist,Marketing
E259,James Cox,Sales Manager,Sales
E260,Chloe Howard,Customer Support Representative,Support
E261,Michael Lee,Data Scientist,Analytics
E262,Isabella Walker,Software Quality Assurance,IT
E263,Elijah Hall,Project Manager,Operations
E264,Amelia Young,Marketing Coordinator,Marketing
E265,Lucas King,Sales Engineer,Sales
E266,Grace Wright,Customer Experience Manager,Support
E267,Henry Scott,Data Analyst,Analytics
E268,Victoria Adams,Software Engineer,IT
E269,Jackson Nelson,Product Owner,Operations
E270,Scarlett Carter,Marketing Manager,Marketing
E271,David Mitchell,Sales Executive,Sales
E272,Penelope Perez,HR Coordinator,HR
E273,Stella Roberts,Data Scientist,Analytics
E274,Matthew Turner,Network Engineer,IT
E275,Emily Phillips,Project Coordinator,Operations
E276,James Campbell,Data Engineer,Analytics
E277,Chloe Evans,UX/UI Designer,IT
E278,Michael Edwards,DevOps Specialist,IT
E279,Isabella Collins,Data Analyst,Analytics
E280,Elijah Stewart,Content Writer,Marketing
E281,Amelia Sanchez,Account Executive,Sales
E282,Lucas Rivera,Customer Success Manager,Support
E283,Grace Cooper,Data Scientist,Analytics
E284,Henry Morgan,Software Developer,IT
E285,Victoria Bell,Project Assistant,Operations
E286,Jackson Murphy,Data Analyst,Analytics
E287,Scarlett Rivera,HR Assistant,HR
E288,David Cooper,IT Consultant,IT
E289,Emily Richardson,Digital Marketing Specialist,Marketing
E290,James Cox,Sales Manager,Sales
E291,Chloe Howard,Customer Support Representative,Support
E292,Michael Lee,Data Scientist,Analytics
E293,Isabella Walker,Software Quality Assurance,IT
E294,Elijah Hall,Project Manager,Operations
E295,Amelia Young,Marketing Coordinator,Marketing
E296,Lucas King,Sales Engineer,Sales
E297,Grace Wright,Customer Experience Manager,Support
E298,Henry Scott,Data Analyst,Analytics
E299,Victoria Adams,Software Engineer,IT
E300,Jackson Nelson,Product Owner,Operations
E301,Scarlett Carter,Marketing Manager,Marketing
E302,David Mitchell,Sales Executive,Sales
E303,Penelope Perez,HR Coordinator,HR
E304,Stella Roberts,Data Scientist,Analytics
E305,Matthew Turner,Network Engineer,IT
E306,Emily Phillips,Project Coordinator,Operations
E307,James Campbell,Data Engineer,Analytics
E308,Chloe Evans,UX/UI Designer,IT
E309,Michael Edwards,DevOps Specialist,IT
E310,Isabella Collins,Data Analyst,Analytics
E311,Elijah Stewart,Content Writer,Marketing
E312,Amelia Sanchez,Account Executive,Sales
E313,Lucas Rivera,Customer Success Manager,Support
E314,Grace Cooper,Data Scientist,Analytics
E315,Henry Morgan,Software Developer,IT
E316,Victoria Bell,Project Assistant,Operations
E317,Jackson Murphy,Data Analyst,Analytics
E318,Scarlett Rivera,HR Assistant,HR
E319,David Cooper,IT Consultant,IT
E320,Emily Richardson,Digital Marketing Specialist,Marketing
E321,James Cox,Sales Manager,Sales
E322,Chloe Howard,Customer Support Representative,Support
E323,Michael Lee,Data Scientist,Analytics
E324,Isabella Walker,Software Quality Assurance,IT
E325,Elijah Hall,Project Manager,Operations
E326,Amelia Young,Marketing Coordinator,Marketing
E327,Lucas King,Sales Engineer,Sales
E328,Grace Wright,Customer Experience Manager,Support
E329,Henry Scott,Data Analyst,Analytics
E330,Victoria Adams,Software Engineer,IT
E331,Jackson Nelson,Product Owner,Operations
E332,Scarlett Carter,Marketing Manager,Marketing
E333,David Mitchell,Sales Executive,Sales
E334,Penelope Perez,HR Coordinator,HR
E335,Stella Roberts,Data Scientist,Analytics
E336,Matthew Turner,Network Engineer,IT
E337,Emily Phillips,Project Coordinator,Operations
E338,James Campbell,Data Engineer,Analytics
E339,Chloe Evans,UX/UI Designer,IT
E340,Michael Edwards,DevOps Specialist,IT
E341,Isabella Collins,Data Analyst,Analytics
E342,Elijah Stewart,Content Writer,Marketing
E343,Amelia Sanchez,Account Executive,Sales
E344,Lucas Rivera,Customer Success Manager,Support
E345,Grace Cooper,Data Scientist,Analytics
E346,Henry Morgan,Software Developer,IT
E347,Victoria Bell,Project Assistant,Operations
E348,Jackson Murphy,Data Analyst,Analytics
E349,Scarlett Rivera,HR Assistant,HR
E350,David Cooper,IT Consultant,IT
E351,Emily Richardson,Digital Marketing Specialist,Marketing
E352,James Cox,Sales Manager,Sales
E353,Chloe Howard,Customer Support Representative,Support
E354,Michael Lee,Data Scientist,Analytics
E355,Isabella Walker,Software Quality Assurance,IT
E356,Elijah Hall,Project Manager,Operations
E357,Amelia Young,Marketing Coordinator,Marketing
E358,Lucas King,Sales Engineer,Sales
E359,Grace Wright,Customer Experience Manager,Support
E360,Henry Scott,Data Analyst,Analytics
E361,Victoria Adams,Software Engineer,IT
E362,Jackson Nelson,Product Owner,Operations
E363,Scarlett Carter,Marketing Manager,Marketing
E364,David Mitchell,Sales Executive,Sales
E365,Penelope Perez,HR Coordinator,HR
E366,Stella Roberts,Data Scientist,Analytics
E367,Matthew Turner,Network Engineer,IT
E368,Emily Phillips,Project Coordinator,Operations
E369,James Campbell,Data Engineer,Analytics
E370,Chloe Evans,UX/UI Designer,IT
E371,Michael Edwards,DevOps Specialist,IT
E372,Isabella Collins,Data Analyst,Analytics
E373,Elijah Stewart,Content Writer,Marketing
E374,Amelia Sanchez,Account Executive,Sales
E375,Lucas Rivera,Customer Success Manager,Support
E376,Grace Cooper,Data Scientist,Analytics
E377,Henry Morgan,Software Developer,IT
E378,Victoria Bell,Project Assistant,Operations
E379,Jackson Murphy,Data Analyst,Analytics
E380,Scarlett Rivera,HR Assistant,HR
E381,David Cooper,IT Consultant,IT
E382,Emily Richardson,Digital Marketing Specialist,Marketing
E383,James Cox,Sales Manager,Sales
E384,Chloe Howard,Customer Support Representative,Support
E385,Michael Lee,Data Scientist,Analytics
E386,Isabella Walker,Software Quality Assurance,IT
E387,Elijah Hall,Project Manager,Operations
E388,Amelia Young,Marketing Coordinator,Marketing
E389,Lucas King,Sales Engineer,Sales
E390,Grace Wright,Customer Experience Manager,Support
E391,Henry Scott,Data Analyst,Analytics
E392,Victoria Adams,Software Engineer,IT
E393,Jackson Nelson,Product Owner,Operations
E394,Scarlett Carter,Marketing Manager,Marketing
E395,David Mitchell,Sales Executive,Sales
E396,Penelope Perez,HR Coordinator,HR
E397,Stella Roberts,Data Scientist,Analytics
E398,Matthew Turner,Network Engineer,IT
E399,Emily Phillips,Project Coordinator,Operations
E400,James Campbell,Data Engineer,Analytics
E401,Chloe Evans,UX/UI Designer,IT
E402,Michael Edwards,DevOps Specialist,IT
E403,Isabella Collins,Data Analyst,Analytics
E404,Elijah Stewart,Content Writer,Marketing
E405,Amelia Sanchez,Account Executive,Sales
E406,Lucas Rivera,Customer Success Manager,Support
E407,Grace Cooper,Data Scientist,Analytics
E408,Henry Morgan,Software Developer,IT
E409,Victoria Bell,Project Assistant,Operations
E410,Jackson Murphy,Data Analyst,Analytics
E411,Scarlett Rivera,HR Assistant,HR
E412,David Cooper,IT Consultant,IT
E413,Emily Richardson,Digital Marketing Specialist,Marketing
E414,James Cox,Sales Manager,Sales
E415,Chloe Howard,Customer Support Representative,Support
E416,Michael Lee,Data Scientist,Analytics
E417,Isabella Walker,Software Quality Assurance,IT
E418,Elijah Hall,Project Manager,Operations
E419,Amelia Young,Marketing Coordinator,Marketing
E420,Lucas King,Sales Engineer,Sales
E421,Grace Wright,Customer Experience Manager,Support
E422,Henry Scott,Data Analyst,Analytics
E423,Victoria Adams,Software Engineer,IT
E424,Jackson Nelson,Product Owner,Operations
E425,Scarlett Carter,Marketing Manager,Marketing
E426,David Mitchell,Sales Executive,Sales
E427,Penelope Perez,HR Coordinator,HR
E428,Stella Roberts,Data Scientist,Analytics
E429,Matthew Turner,Network Engineer,IT
E430,Emily Phillips,Project Coordinator,Operations
E431,James Campbell,Data Engineer,Analytics
E432,Chloe Evans,UX/UI Designer,IT
E433,Michael Edwards,DevOps Specialist,IT
E434,Isabella Collins,Data Analyst,Analytics
E435,Elijah Stewart,Content Writer,Marketing
E436,Amelia Sanchez,Account Executive,Sales
E437,Lucas Rivera,Customer Success Manager,Support
E438,Grace Cooper,Data Scientist,Analytics
E439,Henry Morgan,Software Developer,IT
E440,Victoria Bell,Project Assistant,Operations
E441,Jackson Murphy,Data Analyst,Analytics
E442,Scarlett Rivera,HR Assistant,HR
E443,David Cooper,IT Consultant,IT
E444,Emily Richardson,Digital Marketing Specialist,Marketing
E445,James Cox,Sales Manager,Sales
E446,Chloe Howard,Customer Support Representative,Support
E447,Michael Lee,Data Scientist,Analytics
E448,Isabella Walker,Software Quality Assurance,IT
E449,Elijah Hall,Project Manager,Operations
E450,Amelia Young,Marketing Coordinator,Marketing
E451,Lucas King,Sales Engineer,Sales
E452,Grace Wright,Customer Experience Manager,Support
E453,Henry Scott,Data Analyst,Analytics
E454,Victoria Adams,Software Engineer,IT
E455,Jackson Nelson,Product Owner,Operations
E456,Scarlett Carter,Marketing Manager,Marketing
E457,David Mitchell,Sales Executive,Sales
E458,Penelope Perez,HR Coordinator,HR
E459,Stella Roberts,Data Scientist,Analytics
E460,Matthew Turner,Network Engineer,IT
E461,Emily Phillips,Project Coordinator,Operations
E462,James Campbell,Data Engineer,Analytics
E463,Chloe Evans,UX/UI Designer,IT
E464,Michael Edwards,DevOps Specialist,IT
E465,Isabella Collins,Data Analyst,Analytics
E466,Elijah Stewart,Content Writer,Marketing
E467,Amelia Sanchez,Account Executive,Sales
E468,Lucas Rivera,Customer Success Manager,Support
E469,Grace Cooper,Data Scientist,Analytics
E470,Henry Morgan,Software Developer,IT
E471,Victoria Bell,Project Assistant,Operations
E472,Jackson Murphy,Data Analyst,Analytics
E473,Scarlett Rivera,HR Assistant,HR
E474,David Cooper,IT Consultant,IT
E475,Emily Richardson,Digital Marketing Specialist,Marketing
E476,James Cox,Sales Manager,Sales
E477,Chloe Howard,Customer Support Representative,Support
E478,Michael Lee,Data Scientist,Analytics
E479,Isabella Walker,Software Quality Assurance,IT
E480,Elijah Hall,Project Manager,Operations
E481,Amelia Young,Marketing Coordinator,Marketing
E482,Lucas King,Sales Engineer,Sales
E483,Grace Wright,Customer Experience Manager,Support
E484,Henry Scott,Data Analyst,Analytics
E485,Victoria Adams,Software Engineer,IT
E486,Jackson Nelson,Product Owner,Operations
E487,Scarlett Carter,Marketing Manager,Marketing
E488,David Mitchell,Sales Executive,Sales
E489,Penelope Perez,HR Coordinator,HR
E490,Stella Roberts,Data Scientist,Analytics
E491,Matthew Turner,Network Engineer,IT
E492,Emily Phillips,Project Coordinator,Operations
E493,James Campbell,Data Engineer,Analytics
E494,Chloe Evans,UX/UI Designer,IT
E495,Michael Edwards,DevOps Specialist,IT
E496,Isabella Collins,Data Analyst,Analytics
E497,Elijah Stewart,Content Writer,Marketing
E498,Amelia Sanchez,Account Executive,Sales
E499,Lucas Rivera,Customer Success Manager,Support
E500,Grace Cooper,Data Scientist,Analytics
E501,Henry Morgan,Software Developer,IT
E502,Victoria Bell,Project Assistant,Operations
E503,Jackson Murphy,Data Analyst,Analytics
E504,Scarlett Rivera,HR Assistant,HR
E505,David Cooper,IT Consultant,IT
E506,Emily Richardson,Digital Marketing Specialist,Marketing
E507,James Cox,Sales Manager,Sales
E508,Chloe Howard,Customer Support Representative,Support
E509,Michael Lee,Data Scientist,Analytics
E510,Isabella Walker,Software Quality Assurance,IT
E511,Elijah Hall,Project Manager,Operations
E512,Amelia Young,Marketing Coordinator,Marketing
E513,Lucas King,Sales Engineer,Sales
E514,Grace Wright,Customer Experience Manager,Support
E515,Henry Scott,Data Analyst,Analytics
E516,Victoria Adams,Software Engineer,IT
E517,Jackson Nelson,Product Owner,Operations
E518,Scarlett Carter,Marketing Manager,Marketing
E519,David Mitchell,Sales Executive,Sales
E520,Penelope Perez,HR Coordinator,HR
E521,Stella Roberts,Data Scientist,Analytics
E522,Matthew Turner,Network Engineer,IT
E523,Emily Phillips,Project Coordinator,Operations
E524,James Campbell,Data Engineer,Analytics
E525,Chloe Evans,UX/UI Designer,IT
E526,Michael Edwards,DevOps Specialist,IT
E527,Isabella Collins,Data Analyst,Analytics
E528,Elijah Stewart,Content Writer,Marketing
E529,Amelia Sanchez,Account Executive,Sales
E530,Lucas Rivera,Customer Success Manager,Support
E531,Grace Cooper,Data Scientist,Analytics
E532,Henry Morgan,Software Developer,IT
E533,Victoria Bell,Project Assistant,Operations
E534,Jackson Murphy,Data Analyst,Analytics
E535,Scarlett Rivera,HR Assistant,HR
E536,David Cooper,IT Consultant,IT
E537,Emily Richardson,Digital Marketing Specialist,Marketing
E538,James Cox,Sales Manager,Sales
E539,Chloe Howard,Customer Support Representative,Support
E540,Michael Lee,Data Scientist,Analytics
E541,Isabella Walker,Software Quality Assurance,IT
E542,Elijah Hall,Project Manager,Operations
E543,Amelia Young,Marketing Coordinator,Marketing
E544,Lucas King,Sales Engineer,Sales
E545,Grace Wright,Customer Experience Manager,Support
E546,Henry Scott,Data Analyst,Analytics
E547,Victoria Adams,Software Engineer,IT
E548,Jackson Nelson,Product Owner,Operations
E549,Scarlett Carter,Marketing Manager,Marketing
E550,David Mitchell,Sales Executive,Sales
E551,Penelope Perez,HR Coordinator,HR
E552,Stella Roberts,Data Scientist,Analytics
E553,Matthew Turner,Network Engineer,IT
E554,Emily Phillips,Project Coordinator,Operations
E555,James Campbell,Data Engineer,Analytics
E556,Chloe Evans,UX/UI Designer,IT
E557,Michael Edwards,DevOps Specialist,IT
E558,Isabella Collins,Data Analyst,Analytics
E559,Elijah Stewart,Content Writer,Marketing
E560,Amelia Sanchez,Account Executive,Sales
E561,Lucas Rivera,Customer Success Manager,Support
E562,Grace Cooper,Data Scientist,Analytics
E563,Henry Morgan,Software Developer,IT
E564,Victoria Bell,Project Assistant,Operations
E565,Jackson Murphy,Data Analyst,Analytics
E566,Scarlett Rivera,HR Assistant,HR
E567,David Cooper,IT Consultant,IT
E568,Emily Richardson,Digital Marketing Specialist,Marketing
E569,James Cox,Sales Manager,Sales
E570,Chloe Howard,Customer Support Representative,Support
E571,Michael Lee,Data Scientist,Analytics
E572,Isabella Walker,Software Quality Assurance,IT
E573,Elijah Hall,Project Manager,Operations
E574,Amelia Young,Marketing Coordinator,Marketing
E575,Lucas King,Sales Engineer,Sales
E576,Grace Wright,Customer Experience Manager,Support
E577,Henry Scott,Data Analyst,Analytics
E578,Victoria Adams,Software Engineer,IT
E579,Jackson Nelson,Product Owner,Operations
E580,Scarlett Carter,Marketing Manager,Marketing
E581,David Mitchell,Sales Executive,Sales
E582,Penelope Perez,HR Coordinator,HR
E583,Stella Roberts,Data Scientist,Analytics
E584,Matthew Turner,Network Engineer,IT
E585,Emily Phillips,Project Coordinator,Operations
E586,James Campbell,Data Engineer,Analytics
E587,Chloe Evans,UX/UI Designer,IT
E588,Michael Edwards,DevOps Specialist,IT
E589,Isabella Collins,Data Analyst,Analytics
E590,Elijah Stewart,Content Writer,Marketing
E591,Amelia Sanchez,Account Executive,Sales
E592,Lucas Rivera,Customer Success Manager,Support
E593,Grace Cooper,Data Scientist,Analytics
E594,Henry Morgan,Software Developer,IT
E595,Victoria Bell,Project Assistant,Operations
E596,Jackson Murphy,Data Analyst,Analytics
E597,Scarlett Rivera,HR Assistant,HR
E598,David Cooper,IT Consultant,IT
E599,Emily Richardson,Digital Marketing Specialist,Marketing
E600,James Cox,Sales Manager,Sales
E601,Chloe Howard,Customer Support Representative,Support
E602,Michael Lee,Data Scientist,Analytics
E603,Isabella Walker,Software Quality Assurance,IT
E604,Elijah Hall,Project Manager,Operations
E605,Amelia Young,Marketing Coordinator,Marketing
E606,Lucas King,Sales Engineer,Sales
E607,Grace Wright,Customer Experience Manager,Support
E608,Henry Scott,Data Analyst,Analytics
E609,Victoria Adams,Software Engineer,IT
E610,Jackson Nelson,Product Owner,Operations
E611,Scarlett Carter,Marketing Manager,Marketing
E612,David Mitchell,Sales Executive,Sales
E613,Penelope Perez,HR Coordinator,HR
E614,Stella Roberts,Data Scientist,Analytics
E615,Matthew Turner,Network Engineer,IT
E616,Emily Phillips,Project Coordinator,Operations
E617,James Campbell,Data Engineer,Analytics
E618,Chloe Evans,UX/UI Designer,IT
E619,Michael Edwards,DevOps Specialist,IT
E620,Isabella Collins,Data Analyst,Analytics
E621,Elijah Stewart,Content Writer,Marketing
E622,Amelia Sanchez,Account Executive,Sales
E623,Lucas Rivera,Customer Success Manager,Support
E624,Grace Cooper,Data Scientist,Analytics
E625,Henry Morgan,Software Developer,IT
E626,Victoria Bell,Project Assistant,Operations
E627,Jackson Murphy,Data Analyst,Analytics
E628,Scarlett Rivera,HR Assistant,HR
E629,David Cooper,IT Consultant,IT
E630,Emily Richardson,Digital Marketing Specialist,Marketing
E631,James Cox,Sales Manager,Sales
E632,Chloe Howard,Customer Support Representative,Support
E633,Michael Lee,Data Scientist,Analytics
E634,Isabella Walker,Software Quality Assurance,IT
E635,Elijah Hall,Project Manager,Operations
E636,Amelia Young,Marketing Coordinator,Marketing
E637,Lucas King,Sales Engineer,Sales
E638,Grace Wright,Customer Experience Manager,Support
E639,Henry Scott,Data Analyst,Analytics
E640,Victoria Adams,Software Engineer,IT
E641,Jackson Nelson,Product Owner,Operations
E642,Scarlett Carter,Marketing Manager,Marketing
E643,David Mitchell,Sales Executive,Sales
E644,Penelope Perez,HR Coordinator,HR
E645,Stella Roberts,Data Scientist,Analytics
E646,Matthew Turner,Network Engineer,IT
E647,Emily Phillips,Project Coordinator,Operations
E648,James Campbell,Data Engineer,Analytics
E649,Chloe Evans,UX/UI Designer,IT
E650,Michael Edwards,DevOps Specialist,IT
E651,Isabella Collins,Data Analyst,Analytics
E652,Elijah Stewart,Content Writer,Marketing
E653,Amelia Sanchez,Account Executive,Sales
E654,Lucas Rivera,Customer Success Manager,Support
E655,Grace Cooper,Data Scientist,Analytics
E656,Henry Morgan,Software Developer,IT
E657,Victoria Bell,Project Assistant,Operations
E658,Jackson Murphy,Data Analyst,Analytics
E659,Scarlett Rivera,HR Assistant,HR
E660,David Cooper,IT Consultant,IT
E661,Emily Richardson,Digital Marketing Specialist,Marketing
E662,James Cox,Sales Manager,Sales
E663,Chloe Howard,Customer Support Representative,Support
E664,Michael Lee,Data Scientist,Analytics
E665,Isabella Walker,Software Quality Assurance,IT
E666,Elijah Hall,Project Manager,Operations
E667,Amelia Young,Marketing Coordinator,Marketing
E668,Lucas King,Sales Engineer,Sales
E669,Grace Wright,Customer Experience Manager,Support
E670,Henry Scott,Data Analyst,Analytics
E671,Victoria Adams,Software Engineer,IT
E672,Jackson Nelson,Product Owner,Operations
E673,Scarlett Carter,Marketing Manager,Marketing
E674,David Mitchell,Sales Executive,Sales
E675,Penelope Perez,HR Coordinator,HR
E676,Stella Roberts,Data Scientist,Analytics
E677,Matthew Turner,Network Engineer,IT
E678,Emily Phillips,Project Coordinator,Operations
E679,James Campbell,Data Engineer,Analytics
E680,Chloe Evans,UX/UI Designer,IT
E681,Michael Edwards,DevOps Specialist,IT
E682,Isabella Collins,Data Analyst,Analytics
E683,Elijah Stewart,Content Writer,Marketing
E684,Amelia Sanchez,Account Executive,Sales
E685,Lucas Rivera,Customer Success Manager,Support
E686,Grace Cooper,Data Scientist,Analytics
E687,Henry Morgan,Software Developer,IT
E688,Victoria Bell,Project Assistant,Operations
E689,Jackson Murphy,Data Analyst,Analytics
E690,Scarlett Rivera,HR Assistant,HR
E691,David Cooper,IT Consultant,IT
E692,Emily Richardson,Digital Marketing Specialist,Marketing
E693,James Cox,Sales Manager,Sales
E694,Chloe Howard,Customer Support Representative,Support
E695,Michael Lee,Data Scientist,Analytics
E696,Isabella Walker,Software Quality Assurance,IT
E697,Elijah Hall,Project Manager,Operations
E698,Amelia Young,Marketing Coordinator,Marketing
E699,Lucas King,Sales Engineer,Sales
E700,Grace Wright,Customer Experience Manager,Support
E701,Henry Scott,Data Analyst,Analytics
E702,Victoria Adams,Software Engineer,IT
E703,Jackson Nelson,Product Owner,Operations
E704,Scarlett Carter,Marketing Manager,Marketing
E705,David Mitchell,Sales Executive,Sales
E706,Penelope Perez,HR Coordinator,HR
E707,Stella Roberts,Data Scientist,Analytics
E708,Matthew Turner,Network Engineer,IT
E709,Emily Phillips,Project Coordinator,Operations
E710,James Campbell,Data Engineer,Analytics
E711,Chloe Evans,UX/UI Designer,IT
E712,Michael Edwards,DevOps Specialist,IT
E713,Isabella Collins,Data Analyst,Analytics
E714,Elijah Stewart,Content Writer,Marketing
E715,Amelia Sanchez,Account Executive,Sales
E716,Lucas Rivera,Customer Success Manager,Support
E717,Grace Cooper,Data Scientist,Analytics
E718,Henry Morgan,Software Developer,IT
E719,Victoria Bell,Project Assistant,Operations
E720,Jackson Murphy,Data Analyst,Analytics
E721,Scarlett Rivera,HR Assistant,HR
E722,David Cooper,IT Consultant,IT
E723,Emily Richardson,Digital Marketing Specialist,Marketing
E724,James Cox,Sales Manager,Sales
E725,Chloe Howard,Customer Support Representative,Support
E726,Michael Lee,Data Scientist,Analytics
E727,Isabella Walker,Software Quality Assurance,IT
E728,Elijah Hall,Project Manager,Operations
E729,Amelia Young,Marketing Coordinator,Marketing
E730,Lucas King,Sales Engineer,Sales
E731,Grace Wright,Customer Experience Manager,Support
E732,Henry Scott,Data Analyst,Analytics
E733,Victoria Adams,Software Engineer,IT
E734,Jackson Nelson,Product Owner,Operations
E735,Scarlett Carter,Marketing Manager,Marketing
E736,David Mitchell,Sales Executive,Sales
E737,Penelope Perez,HR Coordinator,HR
E738,Stella Roberts,Data Scientist,Analytics
E739,Matthew Turner,Network Engineer,IT
E740,Emily Phillips,Project Coordinator,Operations
E741,James Campbell,Data Engineer,Analytics
E742,Chloe Evans,UX/UI Designer,IT
E743,Michael Edwards,DevOps Specialist,IT
E744,Isabella Collins,Data Analyst,Analytics
E745,Elijah Stewart,Content Writer,Marketing
E746,Amelia Sanchez,Account Executive,Sales
E747,Lucas Rivera,Customer Success Manager,Support
E748,Grace Cooper,Data Scientist,Analytics
E749,Henry Morgan,Software Developer,IT
E750,Victoria Bell,Project Assistant,Operations
E751,Jackson Murphy,Data Analyst,Analytics
E752,Scarlett Rivera,HR Assistant,HR
E753,David Cooper,IT Consultant,IT
E754,Emily Richardson,Digital Marketing Specialist,Marketing
E755,James Cox,Sales Manager,Sales
E756,Chloe Howard,Customer Support Representative,Support
E757,Michael Lee,Data Scientist,Analytics
E758,Isabella Walker,Software Quality Assurance,IT
E759,Elijah Hall,Project Manager,Operations
E760,Amelia Young,Marketing Coordinator,Marketing
E761,Lucas King,Sales Engineer,Sales
E762,Grace Wright,Customer Experience Manager,Support
E763,Henry Scott,Data Analyst,Analytics
E764,Victoria Adams,Software Engineer,IT
E765,Jackson Nelson,Product Owner,Operations
E766,Scarlett Carter,Marketing Manager,Marketing
E767,David Mitchell,Sales Executive,Sales
E768,Penelope Perez,HR Coordinator,HR
E769,Stella Roberts,Data Scientist,Analytics
E770,Matthew Turner,Network Engineer,IT
E771,Emily Phillips,Project Coordinator,Operations
E772,James Campbell,Data Engineer,Analytics
E773,Chloe Evans,UX/UI Designer,IT
E774,Michael Edwards,DevOps Specialist,IT
E775,Isabella Collins,Data Analyst,Analytics
E776,Elijah Stewart,Content Writer,Marketing
E777,Amelia Sanchez,Account Executive,Sales
E778,Lucas Rivera,Customer Success Manager,Support
E779,Grace Cooper,Data Scientist,Analytics
E780,Henry Morgan,Software Developer,IT
E781,Victoria Bell,Project Assistant,Operations
E782,Jackson Murphy,Data Analyst,Analytics
E783,Scarlett Rivera,HR Assistant,HR
E784,David Cooper,IT Consultant,IT
E785,Emily Richardson,Digital Marketing Specialist,Marketing
E786,James Cox,Sales Manager,Sales
E787,Chloe Howard,Customer Support Representative,Support
E788,Michael Lee,Data Scientist,Analytics
E789,Isabella Walker,Software Quality Assurance,IT
E790,Elijah Hall,Project Manager,Operations
E791,Amelia Young,Marketing Coordinator,Marketing
E792,Lucas King,Sales Engineer,Sales
E793,Grace Wright,Customer Experience Manager,Support
E794,Henry Scott,Data Analyst,Analytics
E795,Victoria Adams,Software Engineer,IT
E796,Jackson Nelson,Product Owner,Operations
E797,Scarlett Carter,Marketing Manager,Marketing
E798,David Mitchell,Sales Executive,Sales
E799,Penelope Perez,HR Coordinator,HR
E800,Stella Roberts,Data Scientist,Analytics
E801,Matthew Turner,Network Engineer,IT
E802,Emily Phillips,Project Coordinator,Operations
E803,James Campbell,Data Engineer,Analytics
E804,Chloe Evans,UX/UI Designer,IT
E805,Michael Edwards,DevOps Specialist,IT
E806,Isabella Collins,Data Analyst,Analytics
E807,Elijah Stewart,Content Writer,Marketing
E808,Amelia Sanchez,Account Executive,Sales
E809,Lucas Rivera,Customer Success Manager,Support
E810,Grace Cooper,Data Scientist,Analytics
E811,Henry Morgan,Software Developer,IT
E812,Victoria Bell,Project Assistant,Operations
E813,Jackson Murphy,Data Analyst,Analytics
E814,Scarlett Rivera,HR Assistant,HR
E815,David Cooper,IT Consultant,IT
E816,Emily Richardson,Digital Marketing Specialist,Marketing
E817,James Cox,Sales Manager,Sales
E818,Chloe Howard,Customer Support Representative,Support
E819,Michael Lee,Data Scientist,Analytics
E820,Isabella Walker,Software Quality Assurance,IT
E821,Elijah Hall,Project Manager,Operations
E822,Amelia Young,Marketing Coordinator,Marketing
E823,Lucas King,Sales Engineer,Sales
E824,Grace Wright,Customer Experience Manager,Support
E825,Henry Scott,Data Analyst,Analytics
E826,Victoria Adams,Software Engineer,IT
E827,Jackson Nelson,Product Owner,Operations
E828,Scarlett Carter,Marketing Manager,Marketing
E829,David Mitchell,Sales Executive,Sales
E830,Penelope Perez,HR Coordinator,HR
E831,Stella Roberts,Data Scientist,Analytics
E832,Matthew Turner,Network Engineer,IT
E833,Emily Phillips,Project Coordinator,Operations
E834,James Campbell,Data Engineer,Analytics
E835,Chloe Evans,UX/UI Designer,IT
E836,Michael Edwards,DevOps Specialist,IT
E837,Isabella Collins,Data Analyst,Analytics
E838,Elijah Stewart,Content Writer,Marketing
E839,Amelia Sanchez,Account Executive,Sales
E840,Lucas Rivera,Customer Success Manager,Support
E841,Grace Cooper,Data Scientist,Analytics
E842,Henry Morgan,Software Developer,IT
E843,Victoria Bell,Project Assistant,Operations
E844,Jackson Murphy,Data Analyst,Analytics
E845,Scarlett Rivera,HR Assistant,HR
E846,David Cooper,IT Consultant,IT
E847,Emily Richardson,Digital Marketing Specialist,Marketing
E848,James Cox,Sales Manager,Sales
E849,Chloe Howard,Customer Support Representative,Support
E850,Michael Lee,Data Scientist,Analytics
E851,Isabella Walker,Software Quality Assurance,IT
E852,Elijah Hall,Project Manager,Operations
E853,Amelia Young,Marketing Coordinator,Marketing
E854,Lucas King,Sales Engineer,Sales
E855,Grace Wright,Customer Experience Manager,Support
E856,Henry Scott,Data Analyst,Analytics
E857,Victoria Adams,Software Engineer,IT
E858,Jackson Nelson,Product Owner,Operations
E859,Scarlett Carter,Marketing Manager,Marketing
E860,David Mitchell,Sales Executive,Sales
E861,Penelope Perez,HR Coordinator,HR
E862,Stella Roberts,Data Scientist,Analytics
E863,Matthew Turner,Network Engineer,IT
E864,Emily Phillips,Project Coordinator,Operations
E865,James Campbell,Data Engineer,Analytics
E866,Chloe Evans,UX/UI Designer,IT
E867,Michael Edwards,DevOps Specialist,IT
E868,Isabella Collins,Data Analyst,Analytics
E869,Elijah Stewart,Content Writer,Marketing
E870,Amelia Sanchez,Account Executive,Sales
E871,Lucas Rivera,Customer Success Manager,Support
E872,Grace Cooper,Data Scientist,Analytics
E873,Henry Morgan,Software Developer,IT
E874,Victoria Bell,Project Assistant,Operations
E875,Jackson Murphy,Data Analyst,Analytics
E876,Scarlett Rivera,HR Assistant,HR
E877,David Cooper,IT Consultant,IT
E878,Emily Richardson,Digital Marketing Specialist,Marketing
E879,James Cox,Sales Manager,Sales
E880,Chloe Howard,Customer Support Representative,Support
E881,Michael Lee,Data Scientist,Analytics
E882,Isabella Walker,Software Quality Assurance,IT
E883,Elijah Hall,Project Manager,Operations
E884,Amelia Young,Marketing Coordinator,Marketing
E885,Lucas King,Sales Engineer,Sales
E886,Grace Wright,Customer Experience Manager,Support
E887,Henry Scott,Data Analyst,Analytics
E888,Victoria Adams,Software Engineer,IT
E889,Jackson Nelson,Product Owner,Operations
E890,Scarlett Carter,Marketing Manager,Marketing
E891,David Mitchell,Sales Executive,Sales
E892,Penelope Perez,HR Coordinator,HR
E893,Stella Roberts,Data Scientist,Analytics
E894,Matthew Turner,Network Engineer,IT
E895,Emily Phillips,Project Coordinator,Operations
E896,James Campbell,Data Engineer,Analytics
E897,Chloe Evans,UX/UI Designer,IT
E898,Michael Edwards,DevOps Specialist,IT
E899,Isabella Collins,Data Analyst,Analytics
E900,Elijah Stewart,Content Writer,Marketing
E901,Amelia Sanchez,Account Executive,Sales
E902,Lucas Rivera,Customer Success Manager,Support
E903,Grace Cooper,Data Scientist,Analytics
E904,Henry Morgan,Software Developer,IT
E905,Victoria Bell,Project Assistant,Operations
E906,Jackson Murphy,Data Analyst,Analytics
E907,Scarlett Rivera,HR Assistant,HR
E908,David Cooper,IT Consultant,IT
E909,Emily Richardson,Digital Marketing Specialist,Marketing
E910,James Cox,Sales Manager,Sales
E911,Chloe Howard,Customer Support Representative,Support
E912,Michael Lee,Data Scientist,Analytics
E913,Isabella Walker,Software Quality Assurance,IT
E914,Elijah Hall,Project Manager,Operations
E915,Amelia Young,Marketing Coordinator,Marketing
E916,Lucas King,Sales Engineer,Sales
E917,Grace Wright,Customer Experience Manager,Support
E918,Henry Scott,Data Analyst,Analytics
E919,Victoria Adams,Software Engineer,IT
E920,Jackson Nelson,Product Owner,Operations
E921,Scarlett Carter,Marketing Manager,Marketing
E922,David Mitchell,Sales Executive,Sales
E923,Penelope Perez,HR Coordinator,HR
E924,Stella Roberts,Data Scientist,Analytics
E925,Matthew Turner,Network Engineer,IT
E926,Emily Phillips,Project Coordinator,Operations
E927,James Campbell,Data Engineer,Analytics
E928,Chloe Evans,UX/UI Designer,IT
E929,Michael Edwards,DevOps Specialist,IT
E930,Isabella Collins,Data Analyst,Analytics
E931,Elijah Stewart,Content Writer,Marketing
E932,Amelia Sanchez,Account Executive,Sales
E933,Lucas Rivera,Customer Success Manager,Support
E934,Grace Cooper,Data Scientist,Analytics
E935,Henry Morgan,Software Developer,IT
E936,Victoria Bell,Project Assistant,Operations
E937,Jackson Murphy,Data Analyst,Analytics
E938,Scarlett Rivera,HR Assistant,HR
E939,David Cooper,IT Consultant,IT
E940,Emily Richardson,Digital Marketing Specialist,Marketing
E941,James Cox,Sales Manager,Sales
E942,Chloe Howard,Customer Support Representative,Support
E943,Michael Lee,Data Scientist,Analytics
E944,Isabella Walker,Software Quality Assurance,IT
E945,Elijah Hall,Project Manager,Operations
E946,Amelia Young,Marketing Coordinator,Marketing
E947,Lucas King,Sales Engineer,Sales
E948,Grace Wright,Customer Experience Manager,Support
E949,Henry Scott,Data Analyst,Analytics
E950,Victoria Adams,Software Engineer,IT
E951,Jackson Nelson,Product Owner,Operations
E952,Scarlett Carter,Marketing Manager,Marketing
E953,David Mitchell,Sales Executive,Sales
E954,Penelope Perez,HR Coordinator,HR
E955,Stella Roberts,Data Scientist,Analytics
E956,Matthew Turner,Network Engineer,IT
E957,Emily Phillips,Project Coordinator,Operations
E958,James Campbell,Data Engineer,Analytics
E959,Chloe Evans,UX/UI Designer,IT
E960,Michael Edwards,DevOps Specialist,IT
E961,Isabella Collins,Data Analyst,Analytics
E962,Elijah Stewart,Content Writer,Marketing
E963,Amelia Sanchez,Account Executive,Sales
E964,Lucas Rivera,Customer Success Manager,Support
E965,Grace Cooper,Data Scientist,Analytics
E966,Henry Morgan,Software Developer,IT
E967,Victoria Bell,Project Assistant,Operations
E968,Jackson Murphy,Data Analyst,Analytics
E969,Scarlett Rivera,HR Assistant,HR
E970,David Cooper,IT Consultant,IT
E971,Emily Richardson,Digital Marketing Specialist,Marketing
E972,James Cox,Sales Manager,Sales
E973,Chloe Howard,Customer Support Representative,Support
E974,Michael Lee,Data Scientist,Analytics
E975,Isabella Walker,Software Quality Assurance,IT
E976,Elijah Hall,Project Manager,Operations
E977,Amelia Young,Marketing Coordinator,Marketing
E978,Lucas King,Sales Engineer,Sales
E979,Grace Wright,Customer Experience Manager,Support
E980,Henry Scott,Data Analyst,Analytics
E981,Victoria Adams,Software Engineer,IT
E982,Jackson Nelson,Product Owner,Operations
E983,Scarlett Carter,Marketing Manager,Marketing
E984,David Mitchell,Sales Executive,Sales
E985,Penelope Perez,HR Coordinator,HR
E986,Stella Roberts,Data Scientist,Analytics
E987,Matthew Turner,Network Engineer,IT
E988,Emily Phillips,Project Coordinator,Operations
E989,James Campbell,Data Engineer,Analytics
E990,Chloe Evans,UX/UI Designer,IT
E991,Michael Edwards,DevOps Specialist,IT
E992,Isabella Collins,Data Analyst,Analytics
E993,Elijah Stewart,Content Writer,Marketing
E994,Amelia Sanchez,Account Executive,Sales
E995,Lucas Rivera,Customer Success Manager,Support
E996,Grace Cooper,Data Scientist,Analytics
E997,Henry Morgan,Software Developer,IT
E998,Victoria Bell,Project Assistant,Operations
E999,Jackson Murphy,Data Analyst,Analytics
E1000,Scarlett Rivera,HR Assistant,HR
